{
	"format_version": "1.9.0",
	"credit": "Made with Blockbench",
	"texture_size": [64, 64],
	"textures": {
		"0": "item/cardboard_box"
	},
	"elements": [
		{
			"from": [2, 0, 2],
			"to": [14, 10, 14],
			"rotation": {"angle": 0, "axis": "y", "origin": [2, 0, 2]},
			"faces": {
				"north": {"uv": [3, 0, 6, 2.5], "texture": "0"},
				"east": {"uv": [3, 2.5, 6, 5], "texture": "0"},
				"south": {"uv": [3, 5, 6, 7.5], "texture": "0"},
				"west": {"uv": [0, 6, 3, 8.5], "texture": "0"},
				"up": {"uv": [3, 3, 0, 0], "texture": "0"},
				"down": {"uv": [3, 3, 0, 6], "texture": "0"}
			}
		}
	],
	"display": {
		"thirdperson_righthand": {
			"rotation": [0, 90, 0],
			"translation": [0, 5.75, 0],
			"scale": [0.7, 0.7, 0.7]
		},
		"thirdperson_lefthand": {
			"rotation": [0, 90, 0],
			"translation": [0, 5.5, 0],
			"scale": [0.7, 0.7, 0.7]
		},
		"firstperson_righthand": {
			"rotation": [0, 90, 0],
			"translation": [0, 7.5, 0],
			"scale": [0.7, 0.7, 0.7]
		},
		"firstperson_lefthand": {
			"rotation": [0, 90, 0],
			"translation": [0, 7.5, 0],
			"scale": [0.7, 0.7, 0.7]
		},
		"ground": {
			"translation": [0, 6.5, 0]
		},
		"gui": {
			"translation": [0.25, 2.75, 0]
		},
		"head": {
			"rotation": [0, 90, 0],
			"translation": [0, 4.5, 0],
			"scale": [1.5, 1.5, 1.5]
		},
		"fixed": {
			"rotation": [-90, 0, 0],
			"translation": [0, 0, -12.75],
			"scale": [1.6, 1.6, 1.6]
		}
	}
}