{
	"format_version": "1.9.0",
	"credit": "Made with Blockbench",
	"texture_size": [32, 32],
	"textures": {
		"0": "item/goldtrophy",
		"1": "item/magicdirt"
	},
	"elements": [
		{
			"from": [5, 0, 4],
			"to": [11, 1, 12],
			"rotation": {"angle": 0, "axis": "y", "origin": [2, 0, 1]},
			"faces": {
				"north": {"uv": [12, 4, 15, 4.5], "texture": "0"},
				"east": {"uv": [12, 2, 16, 2.5], "texture": "0"},
				"south": {"uv": [12, 4.5, 15, 5], "texture": "0"},
				"west": {"uv": [12, 2.5, 16, 3], "texture": "0"},
				"up": {"uv": [3, 4, 0, 0], "texture": "0"},
				"down": {"uv": [6, 0, 3, 4], "texture": "0"}
			}
		},
		{
			"from": [5, 6, 4],
			"to": [11, 7, 12],
			"rotation": {"angle": 0, "axis": "y", "origin": [2, 6, 1]},
			"faces": {
				"north": {"uv": [12, 5, 15, 5.5], "texture": "0"},
				"east": {"uv": [12, 3, 16, 3.5], "texture": "0"},
				"south": {"uv": [12, 5.5, 15, 6], "texture": "0"},
				"west": {"uv": [12, 3.5, 16, 4], "texture": "0"},
				"up": {"uv": [3, 8, 0, 4], "texture": "0"},
				"down": {"uv": [6, 4, 3, 8], "texture": "0"}
			}
		},
		{
			"from": [6, 1, 5],
			"to": [10, 6, 11],
			"rotation": {"angle": 0, "axis": "y", "origin": [2, 1, 1]},
			"faces": {
				"north": {"uv": [10, 8, 12, 10.5], "texture": "0"},
				"east": {"uv": [9, 3, 12, 5.5], "texture": "0"},
				"south": {"uv": [10, 10.5, 12, 13], "texture": "0"},
				"west": {"uv": [9, 5.5, 12, 8], "texture": "0"},
				"up": {"uv": [8, 12, 6, 9], "texture": "0"},
				"down": {"uv": [10, 9, 8, 12], "texture": "0"}
			}
		},
		{
			"from": [6, 7, 6],
			"to": [10, 8, 10],
			"rotation": {"angle": 0, "axis": "y", "origin": [2, 7, 1]},
			"faces": {
				"north": {"uv": [6, 12, 8, 12.5], "texture": "0"},
				"east": {"uv": [12, 6, 14, 6.5], "texture": "0"},
				"south": {"uv": [12, 6.5, 14, 7], "texture": "0"},
				"west": {"uv": [12, 7, 14, 7.5], "texture": "0"},
				"up": {"uv": [2, 13, 0, 11], "texture": "0"},
				"down": {"uv": [4, 11, 2, 13], "texture": "0"}
			}
		},
		{
			"from": [7, 8, 7],
			"to": [9, 10, 9],
			"rotation": {"angle": 0, "axis": "y", "origin": [7, 8, 7]},
			"faces": {
				"north": {"uv": [9, 8, 10, 9], "texture": "0"},
				"east": {"uv": [12, 7.5, 13, 8.5], "texture": "0"},
				"south": {"uv": [8, 12, 9, 13], "texture": "0"},
				"west": {"uv": [12, 8.5, 13, 9.5], "texture": "0"},
				"up": {"uv": [10, 13, 9, 12], "texture": "0"},
				"down": {"uv": [13, 9.5, 12, 10.5], "texture": "0"}
			}
		},
		{
			"from": [6, 10, 6],
			"to": [10, 11, 10],
			"rotation": {"angle": 0, "axis": "y", "origin": [7, 10, 7]},
			"faces": {
				"north": {"uv": [12, 10.5, 14, 11], "texture": "0"},
				"east": {"uv": [12, 11, 14, 11.5], "texture": "0"},
				"south": {"uv": [12, 11.5, 14, 12], "texture": "0"},
				"west": {"uv": [12, 12, 14, 12.5], "texture": "0"},
				"up": {"uv": [6, 13, 4, 11], "texture": "0"},
				"down": {"uv": [14, 0, 12, 2], "texture": "0"}
			}
		},
		{
			"from": [5, 11, 5],
			"to": [11, 17, 11],
			"rotation": {"angle": 0, "axis": "y", "origin": [7, 11, 7]},
			"faces": {
				"north": {"uv": [6, 0, 9, 3], "texture": "0"},
				"east": {"uv": [6, 3, 9, 6], "texture": "0"},
				"south": {"uv": [6, 6, 9, 9], "texture": "0"},
				"west": {"uv": [0, 8, 3, 11], "texture": "0"},
				"up": {"uv": [6, 11, 3, 8], "texture": "0"},
				"down": {"uv": [12, 0, 9, 3], "texture": "0"}
			}
		},
		{
			"from": [7.5, 15, 11],
			"to": [8.5, 16, 13],
			"rotation": {"angle": 0, "axis": "y", "origin": [7, 12, 13]},
			"faces": {
				"north": {"uv": [10, 13, 10.5, 13.5], "texture": "0"},
				"east": {"uv": [6, 12.5, 7, 13], "texture": "0"},
				"south": {"uv": [10.5, 13, 11, 13.5], "texture": "0"},
				"west": {"uv": [7, 12.5, 8, 13], "texture": "0"},
				"up": {"uv": [12.5, 13.5, 12, 12.5], "texture": "0"},
				"down": {"uv": [13, 12.5, 12.5, 13.5], "texture": "0"}
			}
		},
		{
			"from": [7.5, 12, 11],
			"to": [8.5, 13, 13],
			"rotation": {"angle": 0, "axis": "y", "origin": [7, 9, 13]},
			"faces": {
				"north": {"uv": [11, 13, 11.5, 13.5], "texture": "0"},
				"east": {"uv": [0, 13, 1, 13.5], "texture": "0"},
				"south": {"uv": [11.5, 13, 12, 13.5], "texture": "0"},
				"west": {"uv": [1, 13, 2, 13.5], "texture": "0"},
				"up": {"uv": [2.5, 14, 2, 13], "texture": "0"},
				"down": {"uv": [3, 13, 2.5, 14], "texture": "0"}
			}
		},
		{
			"from": [7.5, 13, 12],
			"to": [8.5, 15, 13],
			"rotation": {"angle": 0, "axis": "y", "origin": [7, 9, 13]},
			"faces": {
				"north": {"uv": [3, 13, 3.5, 14], "texture": "0"},
				"east": {"uv": [3.5, 13, 4, 14], "texture": "0"},
				"south": {"uv": [4, 13, 4.5, 14], "texture": "0"},
				"west": {"uv": [4.5, 13, 5, 14], "texture": "0"},
				"up": {"uv": [13.5, 13, 13, 12.5], "texture": "0"},
				"down": {"uv": [13.5, 13, 13, 13.5], "texture": "0"}
			}
		},
		{
			"from": [7.5, 13, 3],
			"to": [8.5, 15, 4],
			"rotation": {"angle": 0, "axis": "y", "origin": [7, 9, 4]},
			"faces": {
				"north": {"uv": [5, 13, 5.5, 14], "texture": "0"},
				"east": {"uv": [5.5, 13, 6, 14], "texture": "0"},
				"south": {"uv": [6, 13, 6.5, 14], "texture": "0"},
				"west": {"uv": [6.5, 13, 7, 14], "texture": "0"},
				"up": {"uv": [0.5, 14, 0, 13.5], "texture": "0"},
				"down": {"uv": [1, 13.5, 0.5, 14], "texture": "0"}
			}
		},
		{
			"from": [7.5, 12, 3],
			"to": [8.5, 13, 5],
			"rotation": {"angle": 0, "axis": "y", "origin": [7, 9, 5]},
			"faces": {
				"north": {"uv": [1, 13.5, 1.5, 14], "texture": "0"},
				"east": {"uv": [7, 13, 8, 13.5], "texture": "0"},
				"south": {"uv": [1.5, 13.5, 2, 14], "texture": "0"},
				"west": {"uv": [13, 7.5, 14, 8], "texture": "0"},
				"up": {"uv": [8.5, 14, 8, 13], "texture": "0"},
				"down": {"uv": [13.5, 8, 13, 9], "texture": "0"}
			}
		},
		{
			"from": [7.5, 15, 3],
			"to": [8.5, 16, 5],
			"rotation": {"angle": 0, "axis": "y", "origin": [7, 12, 5]},
			"faces": {
				"north": {"uv": [7, 13.5, 7.5, 14], "texture": "0"},
				"east": {"uv": [8.5, 13, 9.5, 13.5], "texture": "0"},
				"south": {"uv": [7.5, 13.5, 8, 14], "texture": "0"},
				"west": {"uv": [13, 9, 14, 9.5], "texture": "0"},
				"up": {"uv": [10, 14, 9.5, 13], "texture": "0"},
				"down": {"uv": [13.5, 9.5, 13, 10.5], "texture": "0"}
			}
		},
		{
			"from": [5, 20, 5],
			"to": [11, 26, 11],
			"rotation": {"angle": 0, "axis": "x", "origin": [5, 20, 5]},
			"faces": {
				"north": {"uv": [3.5, 7, 6.5, 10], "texture": "1"},
				"east": {"uv": [7, 3.5, 10, 6.5], "texture": "1"},
				"south": {"uv": [6.5, 7, 9.5, 10], "texture": "1"},
				"west": {"uv": [9.5, 6.5, 12.5, 9.5], "texture": "1"},
				"up": {"uv": [12.5, 12.5, 9.5, 9.5], "texture": "1"},
				"down": {"uv": [6.5, 10, 3.5, 13], "texture": "1"}
			}
		},
		{
			"from": [4.5, 19.5, 4.5],
			"to": [11.5, 26.5, 11.5],
			"rotation": {"angle": 0, "axis": "x", "origin": [5, 20, 5]},
			"faces": {
				"north": {"uv": [0, 0, 3.5, 3.5], "texture": "1"},
				"east": {"uv": [0, 3.5, 3.5, 7], "texture": "1"},
				"south": {"uv": [3.5, 0, 7, 3.5], "texture": "1"},
				"west": {"uv": [3.5, 3.5, 7, 7], "texture": "1"},
				"up": {"uv": [3.5, 10.5, 0, 7], "texture": "1"},
				"down": {"uv": [10.5, 0, 7, 3.5], "texture": "1"}
			}
		}
	],
	"display": {
		"thirdperson_righthand": {
			"rotation": [0, -90, 0],
			"translation": [0, -2.25, 2.25],
			"scale": [0.85, 0.85, 0.85]
		},
		"thirdperson_lefthand": {
			"rotation": [0, 90, 0],
			"translation": [0, -2.75, 1.75],
			"scale": [0.85, 0.85, 0.85]
		},
		"firstperson_righthand": {
			"rotation": [-16, 90, 0],
			"translation": [3.25, 2.25, -2.25],
			"scale": [0.7, 0.7, 0.7]
		},
		"firstperson_lefthand": {
			"rotation": [-16, -90, 0],
			"translation": [3, 2.5, -2],
			"scale": [0.7, 0.7, 0.7]
		},
		"ground": {
			"translation": [0, 6.25, 0]
		},
		"gui": {
			"rotation": [0, 90, 0],
			"translation": [0, -2.5, 0],
			"scale": [0.5, 0.5, 0.5]
		},
		"fixed": {
			"rotation": [-90, 0, 0],
			"translation": [0, 0, -16],
			"scale": [2, 2, 2]
		}
	},
	"groups": [
		{
			"name": "base",
			"origin": [8, 8, 8],
			"color": 0,
			"children": [0, 1, 2, 3]
		},
		{
			"name": "cup",
			"origin": [8, 8, 8],
			"color": 0,
			"children": [4, 5, 6, 7, 8, 9, 10, 11, 12]
		},
		13,
		14
	]
}