{
	"format_version": "1.9.0",
	"credit": "Made with Blockbench",
	"texture_size": [32, 32],
	"textures": {
		"0": "item/goldtrophy",
		"1": "item/mountain_trophy"
	},
	"elements": [
		{
			"from": [5, 0, 4],
			"to": [11, 1, 12],
			"rotation": {"angle": 0, "axis": "y", "origin": [2, 0, 1]},
			"faces": {
				"north": {"uv": [12, 4, 15, 4.5], "texture": "0"},
				"east": {"uv": [12, 2, 16, 2.5], "texture": "0"},
				"south": {"uv": [12, 4.5, 15, 5], "texture": "0"},
				"west": {"uv": [12, 2.5, 16, 3], "texture": "0"},
				"up": {"uv": [3, 4, 0, 0], "texture": "0"},
				"down": {"uv": [6, 0, 3, 4], "texture": "0"}
			}
		},
		{
			"from": [5, 6, 4],
			"to": [11, 7, 12],
			"rotation": {"angle": 0, "axis": "y", "origin": [2, 6, 1]},
			"faces": {
				"north": {"uv": [12, 5, 15, 5.5], "texture": "0"},
				"east": {"uv": [12, 3, 16, 3.5], "texture": "0"},
				"south": {"uv": [12, 5.5, 15, 6], "texture": "0"},
				"west": {"uv": [12, 3.5, 16, 4], "texture": "0"},
				"up": {"uv": [3, 8, 0, 4], "texture": "0"},
				"down": {"uv": [6, 4, 3, 8], "texture": "0"}
			}
		},
		{
			"from": [6, 1, 5],
			"to": [10, 6, 11],
			"rotation": {"angle": 0, "axis": "y", "origin": [2, 1, 1]},
			"faces": {
				"north": {"uv": [10, 8, 12, 10.5], "texture": "0"},
				"east": {"uv": [9, 3, 12, 5.5], "texture": "0"},
				"south": {"uv": [10, 10.5, 12, 13], "texture": "0"},
				"west": {"uv": [9, 5.5, 12, 8], "texture": "0"},
				"up": {"uv": [8, 12, 6, 9], "texture": "0"},
				"down": {"uv": [10, 9, 8, 12], "texture": "0"}
			}
		},
		{
			"from": [6, 7, 6],
			"to": [10, 8, 10],
			"rotation": {"angle": 0, "axis": "y", "origin": [2, 7, 1]},
			"faces": {
				"north": {"uv": [6, 12, 8, 12.5], "texture": "0"},
				"east": {"uv": [12, 6, 14, 6.5], "texture": "0"},
				"south": {"uv": [12, 6.5, 14, 7], "texture": "0"},
				"west": {"uv": [12, 7, 14, 7.5], "texture": "0"},
				"up": {"uv": [2, 13, 0, 11], "texture": "0"},
				"down": {"uv": [4, 11, 2, 13], "texture": "0"}
			}
		},
		{
			"from": [7, 8, 7],
			"to": [9, 10, 9],
			"rotation": {"angle": 0, "axis": "y", "origin": [7, 8, 7]},
			"faces": {
				"north": {"uv": [9, 8, 10, 9], "texture": "0"},
				"east": {"uv": [12, 7.5, 13, 8.5], "texture": "0"},
				"south": {"uv": [8, 12, 9, 13], "texture": "0"},
				"west": {"uv": [12, 8.5, 13, 9.5], "texture": "0"},
				"up": {"uv": [10, 13, 9, 12], "texture": "0"},
				"down": {"uv": [13, 9.5, 12, 10.5], "texture": "0"}
			}
		},
		{
			"from": [4, 10, 3],
			"to": [12, 11, 13],
			"rotation": {"angle": 0, "axis": "y", "origin": [4, 10, 3]},
			"faces": {
				"north": {"uv": [10, 0, 14, 0.5], "texture": "1"},
				"east": {"uv": [9, 7.5, 14, 8], "texture": "1"},
				"south": {"uv": [10, 0.5, 14, 1], "texture": "1"},
				"west": {"uv": [9, 8, 14, 8.5], "texture": "1"},
				"up": {"uv": [4, 12.5, 0, 7.5], "texture": "1"},
				"down": {"uv": [8, 7.5, 4, 12.5], "texture": "1"}
			}
		},
		{
			"from": [6, 19, 6],
			"to": [8, 20, 7],
			"rotation": {"angle": 22.5, "axis": "z", "origin": [6, 19, 6]},
			"faces": {
				"north": {"uv": [10, 7, 11, 7.5], "texture": "1"},
				"east": {"uv": [12, 1, 12.5, 1.5], "texture": "1"},
				"south": {"uv": [11, 7, 12, 7.5], "texture": "1"},
				"west": {"uv": [12, 1.5, 12.5, 2], "texture": "1"},
				"up": {"uv": [12.5, 9, 11.5, 8.5], "texture": "1"},
				"down": {"uv": [12.5, 9, 11.5, 9.5], "texture": "1"}
			}
		},
		{
			"from": [5, 14, 6.5],
			"to": [6, 17, 7.5],
			"rotation": {"angle": 22.5, "axis": "z", "origin": [5, 17, 6.5]},
			"faces": {
				"north": {"uv": [11, 1, 11.5, 2.5], "texture": "1"},
				"east": {"uv": [11, 2.5, 11.5, 4], "texture": "1"},
				"south": {"uv": [11, 4, 11.5, 5.5], "texture": "1"},
				"west": {"uv": [11, 5.5, 11.5, 7], "texture": "1"},
				"up": {"uv": [12.5, 2.5, 12, 2], "texture": "1"},
				"down": {"uv": [12.5, 2.5, 12, 3], "texture": "1"}
			}
		},
		{
			"from": [5, 14, 8.5],
			"to": [6, 17, 9.5],
			"rotation": {"angle": 0, "axis": "z", "origin": [5, 17, 8.5]},
			"faces": {
				"north": {"uv": [11, 8.5, 11.5, 10], "texture": "1"},
				"east": {"uv": [11, 10, 11.5, 11.5], "texture": "1"},
				"south": {"uv": [11.5, 1, 12, 2.5], "texture": "1"},
				"west": {"uv": [11.5, 2.5, 12, 4], "texture": "1"},
				"up": {"uv": [12.5, 3.5, 12, 3], "texture": "1"},
				"down": {"uv": [12.5, 3.5, 12, 4], "texture": "1"}
			}
		},
		{
			"from": [6, 19, 9],
			"to": [8, 20, 10],
			"rotation": {"angle": 22.5, "axis": "z", "origin": [6, 19, 9]},
			"faces": {
				"north": {"uv": [11.5, 9.5, 12.5, 10], "texture": "1"},
				"east": {"uv": [12, 4, 12.5, 4.5], "texture": "1"},
				"south": {"uv": [10, 11.5, 11, 12], "texture": "1"},
				"west": {"uv": [12, 4.5, 12.5, 5], "texture": "1"},
				"up": {"uv": [12.5, 10.5, 11.5, 10], "texture": "1"},
				"down": {"uv": [12.5, 10.5, 11.5, 11], "texture": "1"}
			}
		},
		{
			"from": [5, 17, 7],
			"to": [6, 20, 9],
			"rotation": {"angle": 0, "axis": "z", "origin": [6, 18, 8]},
			"faces": {
				"north": {"uv": [11.5, 4, 12, 5.5], "texture": "1"},
				"east": {"uv": [10, 1, 11, 2.5], "texture": "1"},
				"south": {"uv": [11.5, 5.5, 12, 7], "texture": "1"},
				"west": {"uv": [10, 2.5, 11, 4], "texture": "1"},
				"up": {"uv": [11.5, 12.5, 11, 11.5], "texture": "1"},
				"down": {"uv": [12, 11, 11.5, 12], "texture": "1"}
			}
		},
		{
			"from": [4.25, 20.25, 7],
			"to": [6.25, 22.25, 9],
			"rotation": {"angle": 22.5, "axis": "z", "origin": [6.25, 20.25, 8]},
			"faces": {
				"north": {"uv": [10, 4, 11, 5], "texture": "1"},
				"east": {"uv": [10, 5, 11, 6], "texture": "1"},
				"south": {"uv": [10, 6, 11, 7], "texture": "1"},
				"west": {"uv": [10, 8.5, 11, 9.5], "texture": "1"},
				"up": {"uv": [11, 10.5, 10, 9.5], "texture": "1"},
				"down": {"uv": [11, 10.5, 10, 11.5], "texture": "1"}
			}
		},
		{
			"from": [11.60896, 7.93853, 3],
			"to": [12.60896, 22.93853, 13],
			"rotation": {"angle": 22.5, "axis": "z", "origin": [4.60896, 7.93853, 3]},
			"faces": {
				"north": {"uv": [8, 7.5, 8.5, 15], "texture": "1"},
				"east": {"uv": [0, 0, 5, 7.5], "texture": "1"},
				"south": {"uv": [8.5, 7.5, 9, 15], "texture": "1"},
				"west": {"uv": [5, 0, 10, 7.5], "texture": "1"},
				"up": {"uv": [9.5, 13.5, 9, 8.5], "texture": "1"},
				"down": {"uv": [10, 8.5, 9.5, 13.5], "texture": "1"}
			}
		}
	],
	"display": {
		"thirdperson_righthand": {
			"rotation": [0, -90, 0],
			"translation": [0, -2.25, 2.25],
			"scale": [0.85, 0.85, 0.85]
		},
		"thirdperson_lefthand": {
			"rotation": [0, 90, 0],
			"translation": [0, -2.75, 1.75],
			"scale": [0.85, 0.85, 0.85]
		},
		"firstperson_righthand": {
			"rotation": [-16, 90, 0],
			"translation": [3.25, 2.25, -2.25],
			"scale": [0.7, 0.7, 0.7]
		},
		"firstperson_lefthand": {
			"rotation": [-16, -90, 0],
			"translation": [3, 2.5, -2],
			"scale": [0.7, 0.7, 0.7]
		},
		"ground": {
			"translation": [0, 6.25, 0]
		},
		"gui": {
			"rotation": [0, 90, 0],
			"translation": [0, -2.25, 0],
			"scale": [0.5, 0.5, 0.5]
		},
		"fixed": {
			"rotation": [-90, 0, 0],
			"translation": [0, 0, -16],
			"scale": [2, 2, 2]
		}
	},
	"groups": [
		{
			"name": "base",
			"origin": [8, 8, 8],
			"color": 0,
			"children": [0, 1, 2, 3]
		},
		{
			"name": "cup",
			"origin": [8, 8, 8],
			"color": 0,
			"children": [4]
		},
		{
			"name": "top",
			"origin": [8, 8, 8],
			"color": 0,
			"children": [5, 6, 7, 8, 9, 10, 11, 12]
		}
	]
}