{
	"format_version": "1.21.6",
	"credit": "Made with Blockbench",
	"texture_size": [64, 64],
	"textures": {
		"0": "item/santa_hat"
	},
	"elements": [
		{
			"from": [1, 0, 1],
			"to": [15, 1, 15],
			"rotation": {"angle": 0, "axis": "y", "origin": [1, 0, 1]},
			"faces": {
				"north": {"uv": [8.5, 5, 12, 5.25], "texture": "#0"},
				"east": {"uv": [3, 9.5, 6.5, 9.75], "texture": "#0"},
				"south": {"uv": [9.5, 3, 13, 3.25], "texture": "#0"},
				"west": {"uv": [9.5, 3.25, 13, 3.5], "texture": "#0"},
				"up": {"uv": [3.5, 3.5, 0, 0], "texture": "#0"},
				"down": {"uv": [3.5, 3.5, 0, 7], "texture": "#0"}
			}
		},
		{
			"from": [2, 1, 2],
			"to": [14, 6, 14],
			"rotation": {"angle": -22.5, "axis": "z", "origin": [2, 1, 2]},
			"faces": {
				"north": {"uv": [6.5, 0, 9.5, 1], "texture": "#0"},
				"east": {"uv": [6.5, 1, 9.5, 2], "texture": "#0"},
				"south": {"uv": [6.5, 2, 9.5, 3], "texture": "#0"},
				"west": {"uv": [6.5, 3, 9.5, 4], "texture": "#0"},
				"up": {"uv": [6.5, 3, 3.5, 0], "texture": "#0"},
				"down": {"uv": [6.5, 3, 3.5, 6], "texture": "#0"}
			}
		},
		{
			"from": [5, 6, 4],
			"to": [13, 11, 12],
			"rotation": {"angle": -22.5, "axis": "z", "origin": [2, 5, 2]},
			"faces": {
				"north": {"uv": [6.5, 4, 8.5, 5.25], "texture": "#0"},
				"east": {"uv": [0, 7, 2, 8.25], "texture": "#0"},
				"south": {"uv": [7.5, 5.25, 9.5, 6.5], "texture": "#0"},
				"west": {"uv": [7.5, 6.5, 9.5, 7.75], "texture": "#0"},
				"up": {"uv": [5.5, 8, 3.5, 6], "texture": "#0"},
				"down": {"uv": [7.5, 6, 5.5, 8], "texture": "#0"}
			}
		},
		{
			"from": [6, 11, 6],
			"to": [10, 19, 10],
			"rotation": {"angle": -22.5, "axis": "z", "origin": [2, 5, 2]},
			"faces": {
				"north": {"uv": [6.5, 8, 7.5, 10], "texture": "#0"},
				"east": {"uv": [9, 7.75, 10, 9.75], "texture": "#0"},
				"south": {"uv": [7.5, 9.25, 8.5, 11.25], "texture": "#0"},
				"west": {"uv": [9.5, 0, 10.5, 2], "texture": "#0"},
				"up": {"uv": [9.5, 5, 8.5, 4], "texture": "#0"},
				"down": {"uv": [10.5, 2, 9.5, 3], "texture": "#0"}
			}
		},
		{
			"from": [10, 14, 5],
			"to": [16, 20, 11],
			"rotation": {"angle": -22.5, "axis": "z", "origin": [12.5, 16.5, 8.5]},
			"faces": {
				"north": {"uv": [2, 7, 3.5, 8.5], "texture": "#0"},
				"east": {"uv": [7.5, 7.75, 9, 9.25], "texture": "#0"},
				"south": {"uv": [3.5, 8, 5, 9.5], "texture": "#0"},
				"west": {"uv": [5, 8, 6.5, 9.5], "texture": "#0"},
				"up": {"uv": [1.5, 9.75, 0, 8.25], "texture": "#0"},
				"down": {"uv": [3, 8.5, 1.5, 10], "texture": "#0"}
			}
		}
	],
	"display": {
		"thirdperson_righthand": {
			"translation": [0, 4.25, 0.75],
			"scale": [0.5, 0.5, 0.5]
		},
		"thirdperson_lefthand": {
			"translation": [0, 3.75, 0.75],
			"scale": [0.5, 0.5, 0.5]
		},
		"firstperson_righthand": {
			"translation": [0, 6, 0],
			"scale": [0.5, 0.5, 0.5]
		},
		"firstperson_lefthand": {
			"translation": [0, 6.5, 0],
			"scale": [0.5, 0.5, 0.5]
		},
		"ground": {
			"translation": [0, 7.5, 0]
		},
		"gui": {
			"translation": [0, -1.5, 0],
			"scale": [0.8, 0.8, 0.8]
		},
		"head": {
			"translation": [0, 14.25, 0],
			"scale": [1.3, 1.3, 1.3]
		},
		"fixed": {
			"rotation": [-90, 0, 0],
			"translation": [0, 0, -12.25],
			"scale": [1.5, 1.5, 1.5]
		}
	}
}