{
	"format_version": "1.9.0",
	"credit": "Made with Blockbench",
	"texture_size": [64, 64],
	"textures": {
		"0": "minecraft:item/snow_ball"
	},
	"elements": [
		{
			"from": [3, 0.1, 3],
			"to": [13, 10.1, 13],
			"rotation": {"angle": -22.5, "axis": "y", "origin": [8, 5, 8]},
			"faces": {
				"north": {"uv": [4, 0, 6.5, 2.5], "texture": "0"},
				"east": {"uv": [4, 2.5, 6.5, 5], "texture": "0"},
				"south": {"uv": [4, 5, 6.5, 7.5], "texture": "0"},
				"west": {"uv": [6.5, 0, 9, 2.5], "texture": "0"},
				"up": {"uv": [9, 5, 6.5, 2.5], "texture": "0"},
				"down": {"uv": [9, 5, 6.5, 7.5], "texture": "0"}
			}
		},
		{
			"from": [4, 0.1, 1],
			"to": [7, 1.1, 3],
			"rotation": {"angle": 0, "axis": "y", "origin": [4, 0, 1]},
			"faces": {
				"north": {"uv": [8.25, 8, 9, 8.25], "texture": "0"},
				"east": {"uv": [7.75, 8.75, 8.25, 9], "texture": "0"},
				"south": {"uv": [3.25, 8.5, 4, 8.75], "texture": "0"},
				"west": {"uv": [8.25, 8.75, 8.75, 9], "texture": "0"},
				"up": {"uv": [3, 8.5, 2.25, 8], "texture": "0"},
				"down": {"uv": [3.75, 8, 3, 8.5], "texture": "0"}
			}
		},
		{
			"from": [11, 0.1, 2],
			"to": [14, 1.1, 4],
			"rotation": {"angle": -45, "axis": "y", "origin": [11, 0, 2]},
			"faces": {
				"north": {"uv": [4, 8.5, 4.75, 8.75], "texture": "0"},
				"east": {"uv": [8.75, 8.75, 9.25, 9], "texture": "0"},
				"south": {"uv": [4.75, 8.5, 5.5, 8.75], "texture": "0"},
				"west": {"uv": [0, 9, 0.5, 9.25], "texture": "0"},
				"up": {"uv": [6.25, 8.75, 5.5, 8.25], "texture": "0"},
				"down": {"uv": [7, 8.25, 6.25, 8.75], "texture": "0"}
			}
		},
		{
			"from": [12, 0.1, 7],
			"to": [15, 1.1, 11],
			"rotation": {"angle": 22.5, "axis": "y", "origin": [12, 0, 7]},
			"faces": {
				"north": {"uv": [7, 8.5, 7.75, 8.75], "texture": "0"},
				"east": {"uv": [7, 8.25, 8, 8.5], "texture": "0"},
				"south": {"uv": [7.75, 8.5, 8.5, 8.75], "texture": "0"},
				"west": {"uv": [8.25, 7.5, 9.25, 7.75], "texture": "0"},
				"up": {"uv": [4.75, 8.5, 4, 7.5], "texture": "0"},
				"down": {"uv": [5.5, 7.5, 4.75, 8.5], "texture": "0"}
			}
		},
		{
			"from": [8, 0.1, 13],
			"to": [12, 1.1, 16],
			"rotation": {"angle": 0, "axis": "y", "origin": [8, 0, 16]},
			"faces": {
				"north": {"uv": [8.25, 7.75, 9.25, 8], "texture": "0"},
				"east": {"uv": [8.5, 8.5, 9.25, 8.75], "texture": "0"},
				"south": {"uv": [8, 8.25, 9, 8.5], "texture": "0"},
				"west": {"uv": [0, 8.75, 0.75, 9], "texture": "0"},
				"up": {"uv": [6.5, 8.25, 5.5, 7.5], "texture": "0"},
				"down": {"uv": [7.5, 7.5, 6.5, 8.25], "texture": "0"}
			}
		},
		{
			"from": [4, 0.1, 9],
			"to": [6, 1.1, 11],
			"rotation": {"angle": -45, "axis": "y", "origin": [2, 0, 12]},
			"faces": {
				"north": {"uv": [9, 0, 9.5, 0.25], "texture": "0"},
				"east": {"uv": [9, 0.25, 9.5, 0.5], "texture": "0"},
				"south": {"uv": [0.5, 9, 1, 9.25], "texture": "0"},
				"west": {"uv": [9, 0.5, 9.5, 0.75], "texture": "0"},
				"up": {"uv": [2.75, 9, 2.25, 8.5], "texture": "0"},
				"down": {"uv": [3.25, 8.5, 2.75, 9], "texture": "0"}
			}
		},
		{
			"from": [0, 0.1, 7],
			"to": [3, 1.1, 10],
			"rotation": {"angle": -45, "axis": "y", "origin": [-2, 0, 10]},
			"faces": {
				"north": {"uv": [0.75, 8.75, 1.5, 9], "texture": "0"},
				"east": {"uv": [1.5, 8.75, 2.25, 9], "texture": "0"},
				"south": {"uv": [3.25, 8.75, 4, 9], "texture": "0"},
				"west": {"uv": [4, 8.75, 4.75, 9], "texture": "0"},
				"up": {"uv": [8.25, 8.25, 7.5, 7.5], "texture": "0"},
				"down": {"uv": [0.75, 8, 0, 8.75], "texture": "0"}
			}
		},
		{
			"from": [2, 0.1, 2],
			"to": [5, 1.1, 5],
			"rotation": {"angle": -45, "axis": "y", "origin": [0, 0, 5]},
			"faces": {
				"north": {"uv": [4.75, 8.75, 5.5, 9], "texture": "0"},
				"east": {"uv": [5.5, 8.75, 6.25, 9], "texture": "0"},
				"south": {"uv": [6.25, 8.75, 7, 9], "texture": "0"},
				"west": {"uv": [7, 8.75, 7.75, 9], "texture": "0"},
				"up": {"uv": [1.5, 8.75, 0.75, 8], "texture": "0"},
				"down": {"uv": [2.25, 8, 1.5, 8.75], "texture": "0"}
			}
		},
		{
			"from": [0, 0, 0],
			"to": [16, 0, 16],
			"faces": {
				"north": {"uv": [0, 0, 4, 0], "texture": "0"},
				"east": {"uv": [0, 0, 4, 0], "texture": "0"},
				"south": {"uv": [0, 0, 4, 0], "texture": "0"},
				"west": {"uv": [0, 0, 4, 0], "texture": "0"},
				"up": {"uv": [4, 4, 0, 0], "texture": "0"},
				"down": {"uv": [4, 0, 0, 4], "texture": "0"}
			}
		}
	],
	"display": {
		"thirdperson_righthand": {
			"translation": [0, 3.5, 1.75],
			"scale": [0.4, 0.4, 0.4]
		},
		"thirdperson_lefthand": {
			"translation": [0, 3.5, 2],
			"scale": [0.4, 0.4, 0.4]
		},
		"firstperson_righthand": {
			"translation": [0, 5.25, 0],
			"scale": [0.4, 0.4, 0.4]
		},
		"firstperson_lefthand": {
			"translation": [0, 6.25, 0],
			"scale": [0.4, 0.4, 0.4]
		},
		"ground": {
			"translation": [0, 6, 0]
		},
		"gui": {
			"rotation": [23, 0, 0],
			"translation": [0, 3, 0],
			"scale": [0.9, 0.9, 0.9]
		},
		"head": {
			"translation": [0, 9, 0],
			"scale": [2, 2, 2]
		},
		"fixed": {
			"rotation": [-90, 0, 0],
			"translation": [0, 0, -12],
			"scale": [1.5, 1.5, 1.5]
		}
	},
	"groups": [
		0,
		{
			"name": "melts",
			"origin": [8, 8, 8],
			"color": 0,
			"children": [1, 2, 3, 4, 5, 6, 7]
		},
		8
	]
}